{
  "images" : [
    {
      "idiom" : "universal",
      "filename" : "unchecked-checkbox.png",
      "language-direction" : "left-to-right",
      "scale" : "1x"
    },
    {
      "idiom" : "universal",
      "language-direction" : "left-to-right",
      "appearances" : [
        {
          "appearance" : "contrast",
          "value" : "high"
        }
      ],
      "scale" : "1x"
    },
    {
      "idiom" : "universal",
      "scale" : "2x",
      "language-direction" : "left-to-right"
    },
    {
      "idiom" : "universal",
      "language-direction" : "left-to-right",
      "appearances" : [
        {
          "appearance" : "contrast",
          "value" : "high"
        }
      ],
      "scale" : "2x"
    },
    {
      "idiom" : "universal",
      "scale" : "3x",
      "language-direction" : "left-to-right"
    }
  ],
  "info" : {
    "version" : 1,
    "author" : "xcode"
  }
}